"code_tete_rgpmt","libelle_en_tete_regroupement"
"0","Accueillir des passagers lors de :"
"1","Actionner et manoeuvrer des équipements :"
"2","Adapter ou fabriquer des accessoires de costumes :"
"3","Adapter un écrit :"
"4","Administrer un système :"
"7","Animer des :"
"5","Animer des formations nécessitant un brevet ou une habilitation :"
"6","Animer des séances de préparation à l''accouchement ou à la parentalité :"
"8","Animer des ventes en :"
"9","Appliquer à la main (couteau, pinceau, tampon, ...) un produit spécifique :"
"10","Appliquer des motifs, des revêtements de surface sur du :"
"11","Appliquer et régler des couches de revêtement de :"
"12","Appliquer un revêtement ou une protection par :"
"13","Appliquer une couche de métal par pulvérisation ou trempage :"
"14","Apporter un appui technique pour l''élaboration de dossiers :"
"15","Assembler les différentes pièces d''un ouvrage (chaise, meuble, ...) par :"
"16","Assurer la représentation du Gouvernement sur un territoire :"
"17","Broder des étoffes/articles sur :"
"18","Charger/décharger le matériel au moyen d''engins :"
"19","Commander un navire :"
"20","Commander un navire nécessitant une qualification ou une habilitation :"
"21","Commander un navire sur une zone géographique :"
"22","Concevoir des édifices en :"
"23","Concevoir des éléments de décoration ou d''identité visuelle :"
"24","Concevoir des éléments prothétiques/orthétiques :"
"32","Concevoir des :"
"25","Concevoir des modèles pour de nouvelles collections ou des évènements :"
"26","Concevoir des projets à l''aide de :"
"27","Concevoir des projets hors média :"
"28","Concevoir des projets pour un support média :"
"29","Concevoir et fabriquer un :"
"30","Concevoir l''aménagement d''espaces :"
"31","Concevoir ou réaliser des supports de communication :"
"34","Concevoir une montre, une horloge et intervenir dans la ou le :"
"35","Conduire et suivre des fonctions :"
"36","Conduire un bateau nécessitant une qualification ou une habilitation :"
"37","Conduire un engin ferroviaire spécifique :"
"38","Conduire un véhicule nécessitant une habilitation :"
"39","Conduire un véhicule spécifique :"
"40","Confectionner des produits alimentaires :"
"41","Conseiller un artiste, un mannequin, un sportif, ... sur :"
"42","Contrôler des canalisations par :"
"44","Contrôler la conformité d''éléments :"
"43","Contrôler la conformité de composition ou de résistance d''un produit par :"
"45","Contrôler le trafic aérien d''un site aéroportuaire de :"
"46","Contrôler les connaissances de pilotes par des examens nécessitant une qualification :"
"47","Contrôler les titres de transport sur :"
"48","Contrôler ou réaliser des opérations de gestion des ressources humaines :"
"49","Convoyer sur les pistes ou installer aux abords des aéronefs du matériel nécessitant une autorisation/habilitation :"
"50","Coordonner des actions de promotion du patrimoine :"
"51","Coordonner des opérations de transport/logistique :"
"52","Coordonner des projets de :"
"53","Coordonner et animer des actions spécifiques :"
"54","Coordonner la sécurité de chantiers nécessitant une attestation :"
"55","Coordonner les actions d''un groupe lors d''un projet/chantier :"
"56","Coordonner les activités d''un site aéroportuaire de :"
"57","Coordonner les activités d''une exploitation :"
"58","Coordonner une entreprise de transport spécialisée en :"
"59","Couper des produits imprimés avec un :"
"60","Créer des illustrations visuelles ou sonores :"
"61","Créer des oeuvres en :"
"62","Créer des oeuvres par divers moyens d''expression :"
"65","Créer des oeuvres pour des :"
"63","Créer des oeuvres pour des sujets/thèmes :"
"66","Créer des vitrines et mettre en scène un type de produit :"
"67","Créer une ambiance autour d''un produit, d''une gamme de produits :"
"68","Cuisiner des plats pour un type de public :"
"69","Déclencher et coordonner des interventions nécessitant une habilitation :"
"70","Décorer des ouvrages par :"
"71","Décorer du verre par :"
"72","Découper et assembler des éléments en :"
"73","Découper, désosser, parer des viandes :"
"74","Définir des programmes d''action des pouvoirs publics dans un domaine :"
"75","Définir et concevoir des :"
"76","Définir les données de programmation ou intervenir sur un processus spécifique :"
"77","Définir un style de produits pour un type de public :"
"78","Définir un style pour un type de produit :"
"79","Déménager un type de produit :"
"80","Déplacer des charges au moyen d''un engin :"
"81","Déposer un revêtement :"
"82","Détecter des défauts sur des :"
"83","Déterminer les doses, recettes de produits pour un traitement :"
"84","Développer des produits bancaires pour un type de clientèle :"
"85","Développer des produits/services bancaires :"
"86","Développer un portefeuille de clients pour un type de couverture de risques :"
"87","Développer une stratégie de communication en :"
"88","Développer/adapter des produits d''assurances :"
"89","Développer/adapter des produits d''assurances pour un type de clientèle :"
"90","Diffuser des morceaux de musique à partir de supports :"
"91","Diriger des interventions :"
"92","Diriger un établissement public :"
"93","Diriger une entreprise de transport nécessitant une attestation de capacité :"
"94","Dispenser une formation en :"
"95","Distribuer des documents :"
"96","Donner un avis ou rendre une décision sur une demande de :"
"97","Ecrire des :"
"98","Effectuer chez un client la pose de :"
"99","Effectuer des agencements de :"
"100","Effectuer des analyses biologiques sur des prélèvements de :"
"101","Effectuer des assemblages-montages ou fixations par :"
"102","Effectuer des cascades :"
"103","Effectuer des diagnostics nécessitant une habilitation :"
"104","Effectuer des essais géotechniques par :"
"105","Effectuer des forages d''extraction :"
"106","Effectuer des forages d''extraction de :"
"107","Effectuer des interventions auprès d''élèves :"
"108","Effectuer des manoeuvres nécessitant une habilitation :"
"109","Effectuer des opérations d''abattage ou de découpe :"
"119","Effectuer des opérations d''entretien :"
"110","Effectuer des opérations de :"
"111","Effectuer des opérations de :"
"112","Effectuer des opérations de dépannage sur :"
"114","Effectuer des opérations de façonnage au moyen d''une machine spécifique :"
"603","Effectuer des opérations de façonnage au moyen de machines à fonctionnement continu spécifiques :"
"115","Effectuer des opérations de manutention ou de conditionnement à l''aide de :"
"116","Effectuer des opérations de préparation ou montage de :"
"118","Effectuer des opérations de routage sur :"
"120","Effectuer des opérations funéraires :"
"121","Effectuer des opérations liées au domaine de l''enseigne et de la signalétique :"
"122","Effectuer des opérations manuelles de façonnage/routage :"
"123","Effectuer des opérations sur les fils :"
"124","Effectuer des opérations sur matériau vivant :"
"125","Effectuer des prestations :"
"127","Effectuer des réparations ou des finitions sur :"
"126","Effectuer des raccordements nécessitant une habilitation :"
"128","Effectuer des reprises, des finitions ou des assemblages par :"
"129","Effectuer des restaurations sur des :"
"169","Effectuer des soins diététiques auprès de :"
"130","Effectuer des transactions immobilières de :"
"131","Effectuer des travaux de couture ou de remise en état :"
"132","Effectuer des travaux de reprographie à partir de :"
"133","Effectuer des tris par :"
"134","Effectuer des visites ou conférences nécessitant une carte professionnelle :"
"135","Effectuer des vols aériens :"
"150","Effectuer l''abattage ou la découpe de :"
"151","Effectuer l''approvisionnement ou la maintenance de :"
"155","Effectuer l''entretien de :"
"157","Effectuer l''impression de motifs par :"
"158","Effectuer l''impression de motifs sur du ou des :"
"136","Effectuer la location de véhicules ou matériels :"
"137","Effectuer la maintenance de premier niveau de matériel :"
"138","Effectuer la naturalisation, la reconstitution d''espèces animales ou végétales :"
"139","Effectuer la plonge, l''entretien de vaisselle/matériel :"
"140","Effectuer la préparation, l''assemblage de plats simples :"
"117","Effectuer la réservation de location de :"
"141","Effectuer la transformation de matières (plastique, caoutchouc, ...) sur :"
"142","Effectuer la vente d''animaux :"
"143","Effectuer la vente d''articles de sport :"
"147","Effectuer la vente d''instruments de musique :"
"148","Effectuer la vente d''objets d''art, d''objets anciens ou d''articles d''occasion :"
"144","Effectuer la vente de :"
"145","Effectuer la vente de produits :"
"146","Effectuer la vente de produits alimentaires :"
"149","Effectuer la vente en gros de produits frais :"
"152","Effectuer le repassage de :"
"153","Effectuer le suivi administratif d''opérations de gestion des ressources humaines :"
"154","Effectuer le transport de :"
"156","Effectuer les réglages ou la maintenance de premier niveau de matériel :"
"160","Effectuer manuellement des opérations d''expédition :"
"159","Effectuer manuellement des opérations de préparation ou de finition :"
"161","Effectuer ou ajuster une programmation de :"
"162","Effectuer sur les installations des manoeuvres spécifiques :"
"163","Effectuer un convoyage de :"
"164","Effectuer un service de plats :"
"165","Effectuer un soudage nécessitant une qualification :"
"166","Effectuer un suivi particulier :"
"167","Effectuer un transport fluvial :"
"168","Effectuer une application de produit :"
"170","Effectuer une intervention :"
"171","Effectuer une navigation fluviale sur un bateau :"
"172","Effectuer une navigation nécessitant une habilitation :"
"173","Effectuer une opération de préparation ou de finition de surface par :"
"174","Effectuer une pose :"
"175","Effectuer une réécriture du contenu ou du style de textes :"
"176","Effectuer, en ligne et/ou en escale, des opérations de :"
"177","Elaborer des référentiels :"
"178","Elaborer un forfait touristique pour un type de clientèle :"
"179","Elaborer une gamme, une collection de matières premières, des motifs en :"
"180","Emailler des produits par :"
"181","Enseigner un art du cirque ou un art dramatique :"
"182","Enseigner une discipline :"
"183","Enseigner une discipline chorégraphique :"
"184","Enseigner une discipline musicale :"
"33","Entête de regroupement libre 1 :"
"565","Entête de regroupement libre 2 :"
"64","Entête de regroupement libre 3 :"
"113","Entête de regroupement libre 4 :"
"377","Entête de regroupement libre 5 :"
"391","Entête de regroupement libre 7 :"
"520","Entête de regroupement libre 8 :"
"545","Entête de regroupement libre 9 :"
"185","Etablir des documents commerciaux :"
"186","Etablir des titres de transport pour des déplacements en :"
"187","Exercer en tant que :"
"188","Exercer une activité dans :"
"197","Façonner des articles à l''aide de matériaux souples (cuirs, PVC, velours, ...) :"
"198","Façonner des ouvrages selon des techniques spécifiques :"
"199","Façonner des ouvrages/articles :"
"200","Façonner des parties d''ouvrages (manche de couteau, ...) en :"
"201","Façonner des produits selon des techniques :"
"202","Façonner et mettre en forme des matériaux :"
"203","Façonner/Réaliser des articles :"
"189","Fabriquer de la maille au mètre, en panneau ou en forme (pull-over, ...) sur :"
"190","Fabriquer de la maille ou de la dentelle au mètre (fils fins et continus) sur :"
"192","Fabriquer des éléments :"
"193","Fabriquer des étoffes tissées sur :"
"194","Fabriquer des étoffes tressées (passementeries, ...) sur :"
"191","Fabriquer des articles à partir d''un patron, d''un modèle :"
"195","Fabriquer et affiner des fromages :"
"196","Fabriquer ou réparer une bobine électrique pour intégration dans une :"
"204","Ferrer ou réaliser le parage de :"
"205","Former à la conduite de véhicules un type de public :"
"206","Former des ouvrages en bois par :"
"207","Former des personnes pour l''obtention d''un permis ou d''une habilitation :"
"208","Former le verre par :"
"209","Former un matériau spécifique :"
"210","Former/découper un matériau spécifique :"
"211","Gérer des portefeuilles sur des marchés financiers :"
"212","Gérer un service/groupe/département intervenant en :"
"213","Informer et conseiller des femmes en situations spécifiques :"
"215","Installer des éléments ou aménagements :"
"216","Installer des équipements pour le ravitaillement/vidange nécessitant une habilitation :"
"214","Installer des bobines sur un dispositif de déroulement :"
"217","Installer ou configurer des équipements informatiques, bureautiques  :"
"218","Interpréter un morceau de musique ou une chanson d''un répertoire :"
"219","Interpréter une oeuvre au sein d''un ensemble instrumental :"
"220","Interpréter une oeuvre avec un instrument de musique :"
"221","Interpréter une oeuvre chorégraphique :"
"222","Intervenir à bord d''un véhicule sanitaire :"
"223","Intervenir auprès d''animaux :"
"225","Intervenir auprès d''enfants :"
"226","Intervenir auprès d''un type de public :"
"227","Intervenir auprès d''une clientèle de :"
"224","Intervenir auprès de publics ayant des difficultés :"
"228","Intervenir dans le cadre d''actions/missions des armées :"
"230","Intervenir dans le cadre d''un environnement d''exploitation :"
"231","Intervenir dans le cadre d''une organisation :"
"229","Intervenir dans le cadre de mesures de protection juridique :"
"232","Intervenir dans un cadre de formation :"
"233","Intervenir dans un domaine :"
"234","Intervenir dans un domaine culturel :"
"237","Intervenir dans un domaine d''édition :"
"235","Intervenir dans un domaine de risques :"
"238","Intervenir dans un domaine informatique :"
"239","Intervenir dans un domaine média :"
"240","Intervenir dans un domaine spécifique :"
"241","Intervenir dans un milieu :"
"242","Intervenir dans un milieu polluant et nocif :"
"243","Intervenir dans un service :"
"249","Intervenir dans une étape d''horlogerie :"
"246","Intervenir dans une étape de fabrication :"
"247","Intervenir dans une étape de préparation :"
"248","Intervenir dans une étape de transformation du métal :"
"250","Intervenir dans une étape du processus de transformation de verre (à chaud, à froid) :"
"244","Intervenir dans une branche d''activité :"
"245","Intervenir dans une discipline :"
"251","Intervenir dans une relation clientèle :"
"252","Intervenir dans une spécialité médicale :"
"253","Intervenir dans une spécialité sportive :"
"254","Intervenir dans une structure équipée de machines et /ou d''équipements d''impression :"
"236","Intervenir en :"
"255","Intervenir en :"
"257","Intervenir lors d''une phase de fabrication en industrie du bois :"
"256","Intervenir lors de vente :"
"258","Intervenir pour des :"
"259","Intervenir pour des projets/missions de :"
"260","Intervenir suite à des dommages :"
"265","Intervenir sur des épaisseurs de tôle :"
"266","Intervenir sur des équipements :"
"267","Intervenir sur des équipements ou installations :"
"268","Intervenir sur des équipements/systèmes électroniques dans un domaine :"
"270","Intervenir sur des étapes de conception :"
"285","Intervenir sur des :"
"261","Intervenir sur des architectures, ingénieries de réseaux :"
"262","Intervenir sur des attractions :"
"263","Intervenir sur des chantiers d''extraction de roches :"
"264","Intervenir sur des dossiers de :"
"269","Intervenir sur des espaces jeux :"
"271","Intervenir sur des installations :"
"272","Intervenir sur des machines ou équipements d''impression :"
"273","Intervenir sur des matériaux :"
"274","Intervenir sur des matériaux de forme :"
"275","Intervenir sur des matériels :"
"276","Intervenir sur des moteurs :"
"277","Intervenir sur des oeuvres/ouvrages spécifiques :"
"278","Intervenir sur des produits en :"
"279","Intervenir sur des produits et matériaux :"
"280","Intervenir sur des réseaux :"
"281","Intervenir sur des supports documentaires :"
"282","Intervenir sur des systèmes de propulsion et de production d''énergie :"
"283","Intervenir sur des systèmes horlogers :"
"284","Intervenir sur des tuyauteries :"
"286","Intervenir sur du matériel de motoculture :"
"287","Intervenir sur du matériel de type :"
"288","Intervenir sur la fabrication de :"
"289","Intervenir sur un chantier :"
"290","Intervenir sur un marché :"
"291","Intervenir sur un moteur à énergie ou carburant :"
"292","Intervenir sur un produit :"
"293","Intervenir sur un système de propulsion :"
"294","Intervenir sur un type d''aéronefs :"
"299","Intervenir sur un type d''installation :"
"295","Intervenir sur un type de fabrication :"
"296","Intervenir sur un type de produits d''assurances :"
"297","Intervenir sur un type de support :"
"298","Intervenir sur un type de véhicule :"
"300","Intervenir sur une installation de traitement :"
"301","Intervenir sur une ligne aérienne :"
"302","Intervenir sur une opération automatisée :"
"303","Intervenir sur une zone :"
"304","Jouer et interpréter un rôle pour une oeuvre spécifique :"
"305","Lever des charges nécessitant une habilitation :"
"306","Lever des masses :"
"307","Mener des actions :"
"311","Mener des actions :"
"312","Mener des actions :"
"308","Mener des actions auprès d''un type de clientèle :"
"309","Mener des actions commerciales dans le cadre d''un statut :"
"310","Mener des actions dans le cadre de :"
"313","Mener des actions de coaching auprès d''un type de public :"
"314","Mener des actions de conseil et d''information en :"
"315","Mener des actions de rééducation d''ergothérapie en :"
"316","Mener des actions de rééducation selon des médiations thérapeutiques :"
"318","Mener des projets pour des chantiers :"
"319","Mettre en forme des :"
"320","Mettre en oeuvre des soins d''hydrothérapie par :"
"321","Mettre en oeuvre des soins esthétiques et cosmétiques :"
"322","Mettre en oeuvre une technique spécifique sur un produit imprimé :"
"323","Mettre en place des actions :"
"324","Mettre en place des séances de kinésithérapie :"
"325","Mettre en place et animer des activités dans un domaine :"
"326","Mettre en place ou surveiller une ou plusieurs phases de fabrication :"
"327","Mettre en place un système de gestion des flux logistiques dans un domaine :"
"328","Mettre en place un traitement par :"
"329","Mettre en place une démarche de soin diététique lors de :"
"330","Mettre en place une prestation de transport dans le domaine :"
"331","Mettre en place une rééducation orthophonique :"
"332","Mettre en scène des spectacles :"
"333","Modifier ou fabriquer un accessoire pour les besoins d''un scénario selon des techniques de :"
"334","Monter des accessoires :"
"335","Monter et poser des éléments :"
"336","Monter/assembler à chaud ou à froid les pièces par :"
"337","Naviguer sur un navire spécifique :"
"338","Nettoyer des surfaces avec une :"
"339","Nettoyer et rénover des surfaces/sols par :"
"340","Organiser des évènementiels pour un type de public :"
"341","Organiser des opérations :"
"342","Organiser des opérations dans un domaine :"
"343","Organiser des opérations de transport fluvial de :"
"344","Organiser des opérations logistiques dans un domaine :"
"346","Organiser l''activité d''un rayon :"
"345","Organiser la stratégie commerciale sur une zone géographique :"
"347","Organiser les activités logistiques relatives à des produits :"
"348","Piloter des actions de Ressources Humaines :"
"351","Piloter un :"
"349","Piloter un avion nécessitant une qualification homologuée Flight Crew Licencing -FCL- :"
"350","Piloter un hélicoptère nécessitant une qualification homologuée Flight Crew Licencing -FCL- :"
"352","Planifier une ou plusieurs activités :"
"353","Poser des éléments de couverture :"
"354","Poser des revêtements de matériaux en :"
"355","Poser/fixer des éléments :"
"357","Préparer des documents pour un type d''impression ou de marquage :"
"358","Préparer des interventions sur chantiers :"
"359","Préparer des produits culinaires :"
"360","Préparer et appliquer une protection :"
"361","Préparer et corriger un type de publication :"
"362","Préparer et lancer des artifices :"
"363","Préparer et/ou réchauffer des :"
"364","Préparer les matériaux de garnissage (laine, mousse, ...) par des opérations de :"
"365","Préparer ou assembler des ouvrages :"
"366","Préparer ou corriger des documents traitant de :"
"367","Préparer ou corriger un support à enduire ou à crépir par :"
"368","Préparer un moule selon un procédé :"
"369","Préparer/cuisiner un type de produits :"
"370","Présenter et mettre en oeuvre des actions d''amélioration dans un domaine :"
"371","Présenter ou animer une émission ou un spectacle :"
"372","Présenter, mettre en oeuvre et évaluer des plans d''action dans un domaine :"
"356","Prendre en charge des dossiers :"
"376","Procéder à des études/expérimentations en :"
"373","Procéder à des actions correctives ou des réparations :"
"374","Procéder à des activités de nettoyage :"
"375","Procéder à des contrôles nécessitant des habilitations/certifications :"
"378","Procéder à des examens selon des techniques radiographiques :"
"379","Procéder à des examens visuels :"
"380","Procéder à des interventions dentaires :"
"381","Procéder à des opérations techniques :"
"382","Procéder à l''avitaillement en carburant de véhicule :"
"383","Procéder à un cérémonial funéraire :"
"384","Procéder à un diagnostic :"
"385","Procéder au lancement, au contrôle de la maintenance d''appareils :"
"386","Proposer un traitement selon une orientation thérapeutique :"
"414","Réaliser des  :"
"413","Réaliser des études en :"
"388","Réaliser des activités :"
"387","Réaliser des activités dans un domaine :"
"390","Réaliser des analyses de biologie en :"
"389","Réaliser des analyses en  :"
"392","Réaliser des applications de peintures :"
"393","Réaliser des articles de chapellerie :"
"394","Réaliser des articles de menuiserie et d''agencement en :"
"395","Réaliser des articles et garnitures :"
"396","Réaliser des ciselures selon une technique spécifique :"
"397","Réaliser des colorations du verre (en surface, en profondeur, ...) selon un procédé :"
"398","Réaliser des compositions florales :"
"400","Réaliser des contrôles ou des tests sur des fabrications de type :"
"399","Réaliser des contrôles par :"
"401","Réaliser des contrôles spécifiques de tuyauterie :"
"402","Réaliser des coupes et des poses :"
"403","Réaliser des décors:"
"404","Réaliser des déplacements :"
"405","Réaliser des déplacements de produits dangereux nécessitant une habilitation :"
"406","Réaliser des déplacements ferroviaires en zone :"
"407","Réaliser des déplacements nécessitant une habilitation :"
"408","Réaliser des documents de ressources humaines :"
"409","Réaliser des dorures et des décorations en :"
"410","Réaliser des effets spéciaux de maquillage :"
"411","Réaliser des enduits :"
"412","Réaliser des enquêtes par :"
"415","Réaliser des examens médicaux :"
"416","Réaliser des finitions ou des décorations spécifiques :"
"417","Réaliser des gravures en creux (gravure acier) pour des matrices ou des outillages de :"
"418","Réaliser des gravures ou des ciselures sur :"
"419","Réaliser des inerventions nécessitant une habilitation :"
"420","Réaliser des inspections ou des opérations d''entretien d''aéronef selon un protocole de visite :"
"424","Réaliser des interventions :"
"421","Réaliser des interventions dans un domaine :"
"422","Réaliser des interventions en :"
"423","Réaliser des interventions nécessitant une habilitation :"
"425","Réaliser des livraisons en :"
"426","Réaliser des oeuvres cinématographiques ou audiovisuelles :"
"427","Réaliser des opérations d''assemblage-montage avec des matériaux :"
"428","Réaliser des opérations d''assemblage-montage sur des articles :"
"464","Réaliser des opérations d''ennoblissement sur :"
"465","Réaliser des opérations d''extraction maritime (off-shore) à partir de :"
"466","Réaliser des opérations d''identification ou de conditionnement de produits :"
"467","Réaliser des opérations d''usinage/finition sur des ouvrages en bois :"
"429","Réaliser des opérations de « Travail Aérien » nécessitant une qualification :"
"521","Réaliser des opérations de :"
"430","Réaliser des opérations de conseil et gestion de compte auprès d''un type de clients :"
"431","Réaliser des opérations de décoration par :"
"432","Réaliser des opérations de découpage ou de formage :"
"433","Réaliser des opérations de fabrication/d''usinage sur des :"
"434","Réaliser des opérations de finition :"
"435","Réaliser des opérations de finition dans un domaine :"
"436","Réaliser des opérations de finition sur des :"
"438","Réaliser des opérations de finition, impression ou décoration :"
"439","Réaliser des opérations de gestion patrimoniale :"
"440","Réaliser des opérations de micromécanique sur des pièces d''horlogerie par :"
"441","Réaliser des opérations de mise en forme par :"
"442","Réaliser des opérations de montage :"
"443","Réaliser des opérations de montage ou de pose :"
"444","Réaliser des opérations de montage-assemblage par :"
"445","Réaliser des opérations de moulage :"
"446","Réaliser des opérations de parachèvement ou de finition :"
"447","Réaliser des opérations de pose ou d''incrustations :"
"448","Réaliser des opérations de préparation :"
"449","Réaliser des opérations de préparation de produits :"
"450","Réaliser des opérations de restauration/conservation sur des ouvrages :"
"451","Réaliser des opérations de restauration/conservation sur des ouvrages spécifiques :"
"453","Réaliser des opérations de souscription en :"
"456","Réaliser des opérations de traitement :"
"455","Réaliser des opérations de traitement de surface par :"
"457","Réaliser des opérations de traitement sur un produit :"
"458","Réaliser des opérations de transformation :"
"459","Réaliser des opérations de transformation de produits par :"
"460","Réaliser des opérations de transformation de produits pour :"
"461","Réaliser des opérations de transformation ou de finition sur des peaux, des cuirs :"
"462","Réaliser des opérations de transformation sur des peaux/espèces spécifiques :"
"463","Réaliser des opérations de transport aérien :"
"468","Réaliser des opérations logistiques spécifiques :"
"469","Réaliser des opérations relatives au placage :"
"470","Réaliser des opérations spécifiques sur le linge :"
"471","Réaliser des opérations spécifiques sur un article :"
"473","Réaliser des opérations sur des articles textiles :"
"474","Réaliser des opérations sur des marchés financiers :"
"475","Réaliser des opérations sur des pièces en cuir, peau :"
"472","Réaliser des opérations sur les bateaux :"
"476","Réaliser des opérations sur un équipement spécifique :"
"477","Réaliser des ornementations ou des décorations spécifiques :"
"478","Réaliser des outillages en vue du façonnage, de la gravure ou de l''assemblage du verre :"
"481","Réaliser des ouvrages :"
"479","Réaliser des ouvrages en :"
"480","Réaliser des ouvrages ou revêtements d''ouvrages en :"
"482","Réaliser des ouvrages, ossatures bois :"
"483","Réaliser des pièces (gabarits, charpentes, coques, ...) en :"
"484","Réaliser des pièces de précontrainte au moyen de :"
"485","Réaliser des plongées :"
"487","Réaliser des préparations culinaires à partir de :"
"486","Réaliser des préparations culinaires :"
"488","Réaliser des préparations pharmaceutiques de :"
"489","Réaliser des prestations de service :"
"490","Réaliser des prises de vue ou traitements photographiques selon un procédé :"
"491","Réaliser des prises de vues (scènes, séquences, génériques, ...) avec un équipement spécifique :"
"492","Réaliser des prises de vues sur un thème spécifique :"
"493","Réaliser des prototypes en matériaux :"
"494","Réaliser des réparations ou des modifications :"
"495","Réaliser des retouches ou des modifications sur :"
"452","Réaliser des retouches ou modifications sur des :"
"496","Réaliser des soins selon des orientations spécifiques :"
"497","Réaliser des supports de communication écrits :"
"498","Réaliser des traitements thermiques de :"
"499","Réaliser des travaux :"
"500","Réaliser des travaux d''aménagement sur :"
"501","Réaliser des vêtements à l''unité ou en petite série :"
"502","Réaliser des vêtements en matériaux spécifiques :"
"503","Réaliser et/ou orner des :"
"504","Réaliser et/ou poser une ferrure :"
"510","Réaliser l''administration des ventes :"
"513","Réaliser l''enregistrement de données par :"
"505","Réaliser la maintenance d''un équipement de production au :"
"506","Réaliser la pose d''éléments d''étanchéité :"
"507","Réaliser la pose d''éléments/composants sur des ouvrages en bois :"
"508","Réaliser la préparation de pièces par :"
"605","Réaliser la récolte de :"
"454","Réaliser la taille de pierre en :"
"509","Réaliser la taille, la gravure et/ou le guillochage selon des techniques et outils spécifiques :"
"511","Réaliser le contrôle aérien sur des zones militaires :"
"512","Réaliser le patron modèle d''articles :"
"515","Réaliser les opérations d''instruction nécessitant des qualifications homologuées Flight Crew Licencing :"
"514","Réaliser les opérations de gestion d''un service/groupe/département :"
"516","Réaliser ou mettre en forme une maquette ou un prototype en :"
"517","Réaliser ou ornementer des produits:"
"518","Réaliser ou raser des pièces (moquette, couverture, tulle, ...) sur :"
"519","Réaliser sur des chaussures des opérations de :"
"437","Réaliser sur des panneaux de bois des opérations de finition :"
"522","Réaliser sur un site Web des opérations de :"
"523","Réaliser un accompagnement sportif nécessitant une qualification dans un domaine :"
"524","Réaliser un contrôle aérien :"
"525","Réaliser un contrôle d''éléments chaudronnés par :"
"526","Réaliser un contrôle spécifique dans un domaine :"
"527","Réaliser un numéro de cirque :"
"529","Réaliser un patronage pour des articles de :"
"528","Réaliser un patronage pour des articles en :"
"531","Réaliser un type d''évaluation :"
"530","Réaliser un type de support d''expression graphique :"
"604","Réaliser une activité nécessitant :"
"532","Réaliser une gérance immobilière de :"
"533","Réaliser une navigation maritime :"
"536","Réaliser une opération :"
"535","Réaliser une opération d''usinage :"
"534","Réaliser une opération de déformation :"
"537","Réaliser une transaction immobilière de :"
"538","Rédiger des écrits pour le compte de particuliers ou d''entreprises :"
"540","Régler des équipements :"
"541","Régler ou surveiller une machine de transformation de matière plastique ou caoutchouc :"
"542","Régler, conduire une machine/un équipement de première transformation de bois :"
"544","Réparer des instruments de musique ou des accessoires :"
"546","Réparer la carrosserie de :"
"547","Réparer ou modifier des articles :"
"539","Redonner leur teinte initiale à des :"
"543","Remettre en état des produits par des opérations de :"
"548","Reporter ou reproduire un décor en petite série selon des techniques spécifiques :"
"549","Restaurer des objets /ouvrages spécifiques :"
"550","Restaurer/réparer des pièces, articles par des opérations:"
"551","Restituer des informations géographiques par une cartographie à thèmes spécifiques :"
"552","Sélectionner des éléments (mandrins, embouts, ...) et effectuer des opérations de :"
"553","Sélectionner un traitement en fonction du matériau :"
"554","Suivre et optimiser les étapes d''élaboration de produits alcoolisés :"
"555","Suivre un marché sur une zone :"
"556","Superviser des forages d''extraction :"
"557","Superviser des phases de fabrication :"
"558","Superviser l''activité d''un service spécifique :"
"559","Superviser l''activité d''un site d''exploitation de transport routier de personnes pour un réseau :"
"560","Superviser l''activité d''une unité de services au public dans un domaine :"
"561","Superviser un établissement de santé  :"
"562","Superviser un secteur/projet :"
"564","Superviser une équipe ou un atelier de production de  :"
"566","Superviser une équipe ou un atelier réalisant des opérations d''ennoblissement :"
"563","Superviser une équipe ou un atelier réalisant des opérations de confection :"
"567","Superviser une structure, un parc de véhicules en :"
"568","Superviser une unité élémentaire de production en :"
"569","Surveiller des équipements ou phases de transformation du fil :"
"570","Surveiller des phases de préparation du fil :"
"571","Surveiller et conduire une machine ou une ligne de consolidation de nappe de nontissé par procédé :"
"572","Surveiller et conduire une machine ou une ligne par :"
"573","Surveiller et réguler des équipements de production d''énergie nécessitant une habilitation spécifique :"
"574","Surveiller l''application des arrêtés du maire et des règlements sur les :"
"577","Surveiller le fonctionnement d''une installation ou d''un parc d''installations de chauffage par :"
"578","Surveiller le fonctionnement d''une installation, d''un parc d''installations frigorifiques ou de conditionnement d''air par :"
"575","Surveiller le fonctionnement de ressources d''exploitation spécifique :"
"576","Surveiller le fonctionnement de ressources d''exploitation spécifiques :"
"579","Surveiller les élèves lors de :"
"580","Surveiller ou conduire des phases de fabrication :"
"581","Surveiller ou réguler une installation de :"
"582","Surveiller un espace de baignade avec un diplôme spécifique :"
"583","Tailler des arbres ou ceps :"
"584","Tailler des pierres:"
"585","Tester/apprécier la qualité de produits ou de services :"
"586","Tracer, couper des plaques et panneaux de verre/vitrail et les assembler par des procédés spécifiques :"
"587","Traiter des informations dans un domaine :"
"588","Traiter des matériaux :"
"589","Transformer et façonner le métal par un procédé spécifique :"
"590","Transporter des :"
"591","Transporter des passagers au moyen d''une installation spécifique :"
"592","Transposer un texte ou des propos dans un domaine :"
"593","Transposer un texte pour un type de public :"
"594","Transposer un texte, des propos selon un mode de traduction ou d''interprétariat :"
"595","Usiner ou assembler le verre selon des opérations de :"
"596","Utiliser des logiciels :"
"597","Utiliser des outils de traitement ou d''intégration en :"
"317","Utiliser des procédés ou des techniques :"
"598","Utiliser un engin nécessitant une habilitation :"
"599","Utiliser un logiciel professionnel :"
"602","Vérifier la conformité d''une intervention et prononcer l''Approbation Pour Remise en Service -APRS-, avec une licence :"
"601","Vendre des :"
"600","Vendre des produits/services d''assurances :"
